Rk,Player,Pos,Squad,Age,Born,MP,Starts,Min,90s,Gls,Ast,G-PK,PK,PKatt,CrdY,CrdR,Gls,Ast,G+A,G-PK,G+A-PK,Matches,-9999
1,Teresa Abilleira,MF,es Spain,22-201,2000,1,1,69,0.8,0,0,0,0,0,0,0,0.00,0.00,0.00,0.00,0.00,Matches,46f75f0c
2,Olga Ahtinen,MF,fi Finland,,,3,0,41,0.5,0,0,0,0,0,0,0,0.00,0.00,0.00,0.00,0.00,Matches,b4fb6508
3,Eseosa Aigbogun,DF,ch Switzerland,29-067,1993,3,3,205,2.3,0,0,0,0,0,1,0,0.00,0.00,0.00,0.00,0.00,Matches,2dee6fe8
4,Emmi Alanen,MF,fi Finland,31-090,1991,3,3,270,3.0,0,0,0,0,0,1,0,0.00,0.00,0.00,0.00,0.00,Matches,e9c04200
5,Laia Aleixandri,MF,es Spain,21-338,2000,4,1,161,1.8,0,0,0,0,0,0,0,0.00,0.00,0.00,0.00,0.00,Matches,31691fc9
6,Catarina Amado,DF,pt Portugal,23-008,1999,3,3,214,2.4,0,0,0,0,0,1,0,0.00,0.00,0.00,0.00,0.00,Matches,295c95e6
7,Jonna Andersson,MFDF,se Sweden,29-208,1993,3,2,196,2.2,1,1,1,0,0,0,0,0.46,0.46,0.92,0.46,0.92,Matches,5f50a940
8,Joely Andrews,FW,nir Northern Ireland,20-090,2002,1,0,11,0.1,0,0,0,0,0,0,0,0.00,0.00,0.00,0.00,0.00,Matches,11257202
9,Filippa Angeldal,MF,se Sweden,25-015,1997,5,5,339,3.8,2,0,2,0,0,0,0,0.53,0.00,0.53,0.53,0.53,Matches,71c3bd53
10,Nicole Anyomi,FW,de Germany,22-169,2000,1,0,45,0.5,1,0,1,0,0,0,0,2.00,0.00,2.00,2.00,2.00,Matches,83b0b998
11,Guony Arnadottir,DF,is Iceland,21-359,2000,1,1,87,1.0,0,0,0,0,0,0,0,0.00,0.00,0.00,0.00,0.00,Matches,0bbcef21
12,Guorun Arnardottir,DF,is Iceland,27-000,1995,2,2,180,2.0,0,0,0,0,0,0,0,0.00,0.00,0.00,0.00,0.00,Matches,58b35998
13,Verena Aschauer,DF,at Austria,28-190,1994,4,4,360,4.0,0,1,0,0,0,1,0,0.00,0.25,0.25,0.00,0.25,Matches,81bc6c20
14,Kosovare Asllani,MFFW,se Sweden,33-000,1989,5,5,450,5.0,1,4,0,1,1,0,0,0.20,0.80,1.00,0.00,0.80,Matches,1d994521
15,Sif Atladottir,DF,is Iceland,37-014,1985,1,1,90,1.0,0,0,0,0,0,0,0,0.00,0.00,0.00,0.00,0.00,Matches,bfc48037
16,Anna Auvinen,FW,fi Finland,35-149,1987,1,0,45,0.5,0,0,0,0,0,0,0,0.00,0.00,0.00,0.00,0.00,Matches,6c4f3f53
17,Selma Bacha,FW,fr France,21-262,2000,5,1,207,2.3,0,0,0,0,0,1,0,0.00,0.00,0.00,0.00,0.00,Matches,5809ef17
18,Ramona Bachmann,FW,ch Switzerland,31-216,1990,3,3,251,2.8,1,2,1,0,0,0,0,0.36,0.72,1.08,0.36,1.08,Matches,28392158
19,Stine Ballisager Pedersen,DF,dk Denmark,28-207,1994,3,3,270,3.0,0,0,0,0,0,0,0,0.00,0.00,0.00,0.00,0.00,Matches,41880331
20,Sandy Baltimore,DF,fr France,22-160,2000,2,1,94,1.0,0,0,0,0,0,0,0,0.00,0.00,0.00,0.00,0.00,Matches,0cd40e51
21,Elisa Bartoli,DF,it Italy,31-083,1991,3,2,213,2.4,0,0,0,0,0,0,0,0.00,0.00,0.00,0.00,0.00,Matches,0ca0afb1
22,Ona Batlle,DF,es Spain,23-049,1999,4,4,390,4.3,0,0,0,0,0,0,0,0.00,0.00,0.00,0.00,0.00,Matches,2a2d32f9
23,Lineth Beerensteyn,FW,nl Netherlands,25-291,1996,4,3,221,2.5,0,0,0,0,0,1,0,0.00,0.00,0.00,0.00,0.00,Matches,40ecae9f
24,Athenea Belvide,FW,es Spain,21-278,2000,4,1,187,2.1,0,1,0,0,0,0,0,0.00,0.48,0.48,0.00,0.48,Matches,cd031048
25,Hanna Bennison,FW,se Sweden,19-286,2002,5,0,86,1.0,1,0,1,0,0,0,0,1.05,0.00,1.05,1.05,1.05,Matches,0ce72873
26,Valentina Bergamaschi,MFFW,it Italy,25-188,1997,3,3,259,2.9,1,0,1,0,0,1,0,0.35,0.00,0.35,0.35,0.35,Matches,bd284d1c
27,Guro Bergsvand,DF,no Norway,28-148,1994,3,1,145,1.6,0,0,0,0,0,0,0,0.00,0.00,0.00,0.00,0.00,Matches,561230d9
28,Julie Biesmans,MFDF,be Belgium,28-086,1994,4,4,357,4.0,0,0,0,0,0,1,0,0.00,0.00,0.00,0.00,0.00,Matches,a022380f
29,Charlotte Bilbault,MF,fr France,32-054,1990,5,5,435,4.8,0,0,0,0,0,0,0,0.00,0.00,0.00,0.00,0.00,Matches,844a7b4f
30,Nicole Billa,FW,at Austria,26-146,1996,4,4,346,3.8,1,0,1,0,0,0,0,0.26,0.00,0.26,0.26,0.26,Matches,f8d26c9a
31,Berglind Bjorg Þorvaldsdottir,FW,is Iceland,30-192,1992,3,3,217,2.4,1,0,1,0,1,1,0,0.41,0.00,0.41,0.41,0.41,Matches,b6880df9
32,Sara Bjork Gunnarsdottir,MF,is Iceland,31-303,1990,3,3,220,2.4,0,0,0,0,0,0,0,0.00,0.00,0.00,0.00,0.00,Matches,e35df6e3
33,Nathalie Bjorn,MFDF,se Sweden,25-086,1997,5,5,437,4.9,0,1,0,0,0,1,0,0.00,0.21,0.21,0.00,0.21,Matches,ee84c793
34,Stina Blackstenius,FW,se Sweden,26-174,1996,5,4,353,3.9,1,0,1,0,0,0,0,0.25,0.00,0.25,0.25,0.25,Matches,c6b9e97f
35,Julie Blakstad,DF,no Norway,20-336,2001,3,3,259,2.9,1,0,1,0,0,1,0,0.35,0.00,0.35,0.35,0.35,Matches,40e22487
36,Rebecka Blomqvist,FW,se Sweden,25-005,1997,1,0,12,0.1,0,0,0,0,0,0,0,0.00,0.00,0.00,0.00,0.00,Matches,fdae87ec
37,Lisa Boattin,DF,it Italy,25-087,1997,3,3,270,3.0,0,1,0,0,0,2,0,0.00,0.33,0.33,0.00,0.33,Matches,f7f524de
38,Barbara Bonansea,MFFW,it Italy,31-046,1991,3,2,215,2.4,0,1,0,0,0,0,0,0.00,0.42,0.42,0.00,0.42,Matches,3581dc2b
39,Agnese Bonfantini,FW,it Italy,23-025,1999,1,0,45,0.5,0,0,0,0,0,0,0,0.00,0.00,0.00,0.00,0.00,Matches,31ba7da6
40,Aitana Bonmati,MF,es Spain,24-192,1998,4,4,378,4.2,1,0,1,0,0,0,0,0.24,0.00,0.24,0.24,0.24,Matches,f3d165f5
41,Ana Borges,FWDF,pt Portugal,32-044,1990,3,3,256,2.8,0,0,0,0,0,1,0,0.00,0.00,0.00,0.00,0.00,Matches,9715580f
42,Simone Boye Sorensen,DF,dk Denmark,30-148,1992,3,1,115,1.3,0,0,0,0,0,0,0,0.00,0.00,0.00,0.00,0.00,Matches,800ce204
43,Jule Brand,FW,de Germany,19-286,2002,5,1,159,1.8,0,0,0,0,0,0,0,0.00,0.00,0.00,0.00,0.00,Matches,0ab91913
44,Sofie Bredgaard,MF,dk Denmark,20-192,2002,1,0,35,0.4,0,0,0,0,0,0,0,0.00,0.00,0.00,0.00,0.00,Matches,e8caf489
45,Millie Bright,DF,eng England,28-342,1993,5,5,436,4.8,0,0,0,0,0,0,0,0.00,0.00,0.00,0.00,0.00,Matches,22fccf20
46,Lucy Bronze,DF,eng England,30-274,1991,5,5,463,5.1,1,2,1,0,0,0,0,0.19,0.39,0.58,0.19,0.58,Matches,5056c581
47,Esmee Brugts,FW,nl Netherlands,19-001,2003,3,0,74,0.8,0,0,0,0,0,0,0,0.00,0.00,0.00,0.00,0.00,Matches,df2b501c
48,Signe Bruun,FW,dk Denmark,24-114,1998,2,2,117,1.3,0,0,0,0,0,0,0,0.00,0.00,0.00,0.00,0.00,Matches,623d0667
49,Dagny Brynjarsdottir,MF,is Iceland,30-353,1991,3,3,270,3.0,1,0,0,1,1,0,0,0.33,0.00,0.33,0.00,0.00,Matches,e483bd89
50,Klara Buhl,FW,de Germany,21-234,2000,4,4,291,3.2,1,1,1,0,0,0,0,0.31,0.31,0.62,0.31,0.62,Matches,4d0c6dc5
51,Luana Buhler,DF,ch Switzerland,26-092,1996,2,2,147,1.6,0,0,0,0,0,0,0,0.00,0.00,0.00,0.00,0.00,Matches,c539c765
52,Jackie Burns,GK,nir Northern Ireland,25-145,1997,3,3,270,3.0,0,0,0,0,0,0,0,0.00,0.00,0.00,0.00,0.00,Matches,8fd4862e
53,Kelsie Burrows,DF,nir Northern Ireland,21-157,2001,2,1,88,1.0,0,0,0,0,0,0,0,0.00,0.00,0.00,0.00,0.00,Matches,75462586
54,Vilde Boe Risa,MF,no Norway,27-016,1995,3,1,88,1.0,0,0,0,0,0,0,0,0.00,0.00,0.00,0.00,0.00,Matches,20a6da0c
55,Mariona Caldentey,MFFW,es Spain,26-132,1996,4,4,362,4.0,1,1,0,1,1,0,0,0.25,0.25,0.50,0.00,0.25,Matches,59da315a
56,Nadene Caldwell,MF,nir Northern Ireland,31-186,1991,2,1,56,0.6,0,0,0,0,0,0,0,0.00,0.00,0.00,0.00,0.00,Matches,a53b2e3a
57,Marissa Callaghan,MF,nir Northern Ireland,36-330,1985,3,2,217,2.4,0,0,0,0,0,0,0,0.00,0.00,0.00,0.00,0.00,Matches,8196e2ae
58,Viola Calligaris,DF,ch Switzerland,26-134,1996,3,3,270,3.0,0,0,0,0,0,1,0,0.00,0.00,0.00,0.00,0.00,Matches,bf12363c
59,Marta Cardona,FW,es Spain,27-064,1995,4,1,123,1.4,1,0,1,0,0,0,0,0.73,0.00,0.73,0.73,0.73,Matches,02d10cee
60,Olga Carmona,DF,es Spain,22-047,2000,2,1,165,1.8,0,1,0,0,0,0,0,0.00,0.55,0.55,0.00,0.55,Matches,830c134a
61,Jessica Carter,DFMF,eng England,24-275,1997,1,0,17,0.2,0,0,0,0,0,0,0,0.00,0.00,0.00,0.00,0.00,Matches,bb5e99fc
62,Arianna Caruso,MF,it Italy,22-265,1999,3,2,151,1.7,0,0,0,0,0,0,0,0.00,0.00,0.00,0.00,0.00,Matches,d83b882b
63,Delphine Cascarino,FW,fr France,25-174,1997,5,4,380,4.2,1,0,1,0,0,0,0,0.24,0.00,0.24,0.24,0.24,Matches,9d82fe8e
64,Kerstin Casparij,DF,nl Netherlands,21-344,2000,3,1,161,1.8,0,0,0,0,0,0,0,0.00,0.00,0.00,0.00,0.00,Matches,c53d044d
65,Janice Cayman,MFFW,be Belgium,33-290,1988,4,4,359,4.0,1,0,1,0,0,0,0,0.25,0.00,0.25,0.25,0.25,Matches,1722c1c3
66,Valentina Cernoia,MF,it Italy,31-037,1991,1,0,11,0.1,0,0,0,0,0,0,0,0.00,0.00,0.00,0.00,0.00,Matches,66dcd586
67,Lene Christensen,GK,dk Denmark,22-175,2000,3,3,270,3.0,0,0,0,0,0,0,0,0.00,0.00,0.00,0.00,0.00,Matches,1e05af23
68,Carole Costa,DF,pt Portugal,32-087,1990,3,3,264,2.9,1,1,0,1,1,0,0,0.34,0.34,0.68,0.00,0.34,Matches,c839f5e7
69,Ana-Maria Crnogorcevic,MF,ch Switzerland,31-299,1990,3,3,270,3.0,0,0,0,0,0,0,0,0.00,0.00,0.00,0.00,0.00,Matches,d3c316a3
70,Sara Dabritz,MF,de Germany,27-164,1995,5,5,351,3.9,0,0,0,0,0,1,0,0.00,0.00,0.00,0.00,0.00,Matches,cc266f16
71,Kenza Dali,MF,fr France,30-363,1991,1,0,24,0.3,0,0,0,0,0,0,0,0.00,0.00,0.00,0.00,0.00,Matches,1cb43c5f
72,Linda Dallmann,MF,de Germany,27-330,1994,5,1,166,1.8,0,0,0,0,0,0,0,0.00,0.00,0.00,0.00,0.00,Matches,5a20e7f0
73,Rachel Daly,DF,eng England,30-235,1991,5,5,402,4.5,0,0,0,0,0,0,0,0.00,0.00,0.00,0.00,0.00,Matches,7fa35ec9
74,Jenny Danielsson,MF,fi Finland,27-333,1994,2,0,7,0.1,0,0,0,0,0,0,0,0.00,0.00,0.00,0.00,0.00,Matches,c0fefbbb
75,Tine De Caigny,MFFW,be Belgium,25-050,1997,4,4,360,4.0,1,0,1,0,0,0,0,0.25,0.00,0.25,0.25,0.25,Matches,cf531f9d
76,Laura De Neve,DF,be Belgium,27-293,1994,3,3,249,2.8,0,0,0,0,0,0,0,0.00,0.00,0.00,0.00,0.00,Matches,6b16d156
77,Féli Delacauw,MF,be Belgium,20-116,2002,2,0,57,0.6,0,0,0,0,0,1,0,0.00,0.00,0.00,0.00,0.00,Matches,4e3f72d2
78,Laura Deloose,DF,be Belgium,29-041,1993,3,1,123,1.4,0,0,0,0,0,0,0,0.00,0.00,0.00,0.00,0.00,Matches,8a91dbbe
79,Stefanie van der Gragt,DF,nl Netherlands,29-347,1992,4,4,390,4.3,1,0,1,0,0,1,0,0.23,0.00,0.23,0.23,0.23,Matches,b774c84b
80,Elena Dhont,FW,be Belgium,24-124,1998,4,3,236,2.6,0,0,0,0,0,0,0,0.00,0.00,0.00,0.00,0.00,Matches,47df02ff
81,Lucia Di Guglielmo,DF,it Italy,25-033,1997,3,2,145,1.6,0,0,0,0,0,0,0,0.00,0.00,0.00,0.00,0.00,Matches,198aa38a
82,Kadidiatou Diani,FW,fr France,27-119,1995,5,5,379,4.2,1,1,1,0,0,0,0,0.24,0.24,0.47,0.24,0.47,Matches,facfa8cb
83,Danielle van de Donk,MFFW,nl Netherlands,30-358,1991,4,4,327,3.6,1,0,1,0,0,0,0,0.28,0.00,0.28,0.28,0.28,Matches,6876815f
84,Sara Doorsoun,DF,de Germany,30-254,1991,2,1,100,1.1,0,0,0,0,0,0,0,0.00,0.00,0.00,0.00,0.00,Matches,cdb82d35
85,Barbara Dunst,MF,at Austria,24-307,1997,4,4,360,4.0,0,0,0,0,0,1,0,0.00,0.00,0.00,0.00,0.00,Matches,ef22977e
86,Mary Earps,GK,eng England,29-144,1993,5,5,480,5.3,0,0,0,0,0,0,0,0.00,0.00,0.00,0.00,0.00,Matches,ca2eabf4
87,Damaris Egurrola,MF,nl Netherlands,22-337,1999,3,1,75,0.8,1,0,1,0,0,1,0,1.20,0.00,1.20,1.20,1.20,Matches,69b76db4
88,Amalie Eikeland,MF,no Norway,26-337,1995,3,2,143,1.6,0,0,0,0,0,0,0,0.00,0.00,0.00,0.00,0.00,Matches,e9c71e6d
89,Telma Encarnacao,FW,pt Portugal,20-291,2001,2,0,15,0.2,0,0,0,0,0,0,0,0.00,0.00,0.00,0.00,0.00,Matches,e3597733
90,Adelina Engman,MF,fi Finland,27-291,1994,2,2,115,1.3,0,0,0,0,0,0,0,0.00,0.00,0.00,0.00,0.00,Matches,1cf9eca5
91,Magdalena Eriksson,DF,se Sweden,28-324,1993,5,5,414,4.6,0,0,0,0,0,1,0,0.00,0.00,0.00,0.00,0.00,Matches,bb454bb1
92,Hannah Eurlings,FW,be Belgium,19-209,2003,3,1,91,1.0,0,0,0,0,0,0,0,0.00,0.00,0.00,0.00,0.00,Matches,131dfeca
93,Nicky Evrard,GK,be Belgium,27-064,1995,4,4,360,4.0,0,0,0,0,0,0,0,0.00,0.00,0.00,0.00,0.00,Matches,b609ead2
94,Andreia Faria,MF,pt Portugal,22-101,2000,1,0,34,0.4,0,0,0,0,0,0,0,0.00,0.00,0.00,0.00,0.00,Matches,f4837412
95,Laura Feiersinger,MF,at Austria,29-115,1993,4,3,311,3.5,0,0,0,0,0,0,0,0.00,0.00,0.00,0.00,0.00,Matches,1b4b3721
96,Svenja Folmli,DF,ch Switzerland,19-344,2002,1,0,33,0.4,0,0,0,0,0,0,0,0.00,0.00,0.00,0.00,0.00,Matches,cbb37685
97,Sanni Franssi,FW,fi Finland,27-132,1995,2,2,174,1.9,0,0,0,0,0,0,0,0.00,0.00,0.00,0.00,0.00,Matches,eb7a2b29
98,Laura Freigang,FW,de Germany,24-178,1998,1,0,15,0.2,0,0,0,0,0,0,0,0.00,0.00,0.00,0.00,0.00,Matches,8898987d
99,Merle Frohms,GK,de Germany,27-182,1995,5,5,450,5.0,0,0,0,0,0,0,0,0.00,0.00,0.00,0.00,0.00,Matches,948d8bd2
100,Rachel Furness,MF,nir Northern Ireland,34-040,1988,3,3,231,2.6,0,1,0,0,0,0,0,0.00,0.39,0.39,0.00,0.39,Matches,30260df0
101,Aurora Galli,MF,it Italy,25-228,1996,1,1,45,0.5,0,0,0,0,0,0,0,0.00,0.00,0.00,0.00,0.00,Matches,cc516d17
102,Sara Gama,DF,it Italy,33-124,1989,2,2,147,1.6,0,0,0,0,0,1,0,0.00,0.00,0.00,0.00,0.00,Matches,6f6f02d4
103,Lucia Garcia,FW,es Spain,24-015,1998,3,3,191,2.1,1,0,1,0,0,0,0,0.47,0.00,0.47,0.47,0.47,Matches,50e52d91
104,Sheila Garcia,MFFW,es Spain,25-136,1997,4,2,188,2.1,0,0,0,0,0,0,0,0.00,0.00,0.00,0.00,0.00,Matches,56d96411
105,Mille Gejl Jensen,MF,dk Denmark,22-309,1999,1,0,36,0.4,0,0,0,0,0,0,0,0.00,0.00,0.00,0.00,0.00,Matches,d9f0c19a
106,Marina Georgieva,DF,at Austria,25-107,1997,4,1,152,1.7,0,0,0,0,0,0,0,0.00,0.00,0.00,0.00,0.00,Matches,7f22b5c7
107,Grace Geyoro,MF,fr France,25-027,1997,5,4,359,4.0,3,0,3,0,0,0,0,0.75,0.00,0.75,0.75,0.75,Matches,80fc50e5
108,Valentina Giacinti,FW,it Italy,28-208,1994,3,1,140,1.6,0,0,0,0,0,0,0,0.00,0.00,0.00,0.00,0.00,Matches,526eef12
109,Cristiana Girelli,FW,it Italy,32-097,1990,3,2,175,1.9,0,0,0,0,0,0,0,0.00,0.00,0.00,0.00,0.00,Matches,5f35c316
110,Manuela Giugliano,MF,it Italy,24-345,1997,2,2,135,1.5,0,0,0,0,0,0,0,0.00,0.00,0.00,0.00,0.00,Matches,337adc0d
111,Laura Giuliani,GK,it Italy,29-054,1993,3,3,270,3.0,0,0,0,0,0,0,0,0.00,0.00,0.00,0.00,0.00,Matches,370624db
112,Hanna Glas,DFMF,se Sweden,29-104,1993,4,4,360,4.0,0,0,0,0,0,0,0,0.00,0.00,0.00,0.00,0.00,Matches,fc33d14d
113,Diana Gomes,DF,pt Portugal,24-003,1998,3,3,270,3.0,1,0,1,0,0,1,0,0.33,0.00,0.33,0.33,0.33,Matches,e63f5928
114,Esther Gonzalez,FW,es Spain,29-233,1992,3,2,199,2.2,1,0,1,0,0,0,0,0.45,0.00,0.45,0.45,0.45,Matches,8f146dff
115,Caroline Graham Hansen,MF,no Norway,27-161,1995,3,3,254,2.8,1,0,0,1,1,0,0,0.35,0.00,0.35,0.00,0.00,Matches,e891b7ae
116,Alex Greenwood,DF,eng England,28-325,1993,4,0,122,1.4,0,0,0,0,0,1,0,0.00,0.00,0.00,0.00,0.00,Matches,d935ee5a
117,Jackie Groenen,MF,nl Netherlands,27-224,1994,3,3,300,3.3,0,0,0,0,0,0,0,0.00,0.00,0.00,0.00,0.00,Matches,6698c9f0
118,Irene Guerrero,MF,es Spain,25-320,1996,2,1,67,0.7,0,0,0,0,0,0,0,0.00,0.00,0.00,0.00,0.00,Matches,b9002fb4
119,Patricia Guijarro,MF,es Spain,24-073,1998,4,4,390,4.3,0,0,0,0,0,0,0,0.00,0.00,0.00,0.00,0.00,Matches,b2ea5a14
120,Hallbera Guony Gisladottir,DF,is Iceland,35-318,1986,3,3,236,2.6,0,0,0,0,0,0,0,0.00,0.00,0.00,0.00,0.00,Matches,e2128260
121,Giulia Gwinn,DF,de Germany,23-027,1999,5,5,405,4.5,0,1,0,0,0,1,0,0.00,0.22,0.22,0.00,0.22,Matches,36cccedb
122,Tuva Hansen,DF,no Norway,24-359,1997,3,2,206,2.3,0,0,0,0,0,0,0,0.00,0.00,0.00,0.00,0.00,Matches,3ec11922
123,Pernille Harder,FW,dk Denmark,29-256,1992,3,3,266,3.0,1,0,1,0,0,0,0,0.34,0.00,0.34,0.34,0.34,Matches,363b99a4
124,Sophie Haug,MF,no Norway,23-055,1999,1,0,9,0.1,0,0,0,0,0,0,0,0.00,0.00,0.00,0.00,0.00,Matches,b8ba46ef
125,Ada Hegerberg,FW,no Norway,27-019,1995,3,3,253,2.8,0,1,0,0,0,0,0,0.00,0.36,0.36,0.00,0.36,Matches,3a6b01d9
126,Marina Hegering,DF,de Germany,32-103,1990,5,5,395,4.4,0,0,0,0,0,1,0,0.00,0.00,0.00,0.00,0.00,Matches,df1695c1
127,Lauren Hemp,MFFW,eng England,21-356,2000,5,5,424,4.7,1,1,1,0,0,0,0,0.21,0.21,0.42,0.21,0.42,Matches,d979e267
128,Kathrin Hendrich,DF,de Germany,30-114,1992,5,4,405,4.5,0,1,0,0,0,1,0,0.00,0.22,0.22,0.00,0.22,Matches,e5b01fee
129,Nora Heroum,DF,fi Finland,28-009,1994,1,1,90,1.0,0,0,0,0,0,0,0,0.00,0.00,0.00,0.00,0.00,Matches,a28c8e7c
130,Julia Hickelsberger-Fuller,MF,at Austria,22-362,1999,4,3,246,2.7,0,0,0,0,0,1,0,0.00,0.00,0.00,0.00,0.00,Matches,4e76a319
131,Marie-Therese Hobinger,MF,at Austria,21-028,2001,3,1,59,0.7,0,0,0,0,0,0,0,0.00,0.00,0.00,0.00,0.00,Matches,153d4f38
132,Rebecca Holloway,MF,nir Northern Ireland,26-338,1995,3,2,181,2.0,0,0,0,0,0,0,0,0.00,0.00,0.00,0.00,0.00,Matches,c50ff385
133,Karen Holmgaard,MF,dk Denmark,23-182,1999,2,1,117,1.3,0,1,0,0,0,0,0,0.00,0.77,0.77,0.00,0.77,Matches,c75c305a
134,Sara Holmgaard,MF,dk Denmark,23-182,1999,1,0,11,0.1,0,0,0,0,0,0,0,0.00,0.00,0.00,0.00,0.00,Matches,ad0ed89a
135,Fabienne Humm,FWMF,ch Switzerland,35-221,1986,2,0,20,0.2,0,0,0,0,0,0,0,0.00,0.00,0.00,0.00,0.00,Matches,4d3a7c65
136,Lina Hurtig,FW,se Sweden,26-327,1995,4,2,172,1.9,0,0,0,0,0,0,0,0.00,0.00,0.00,0.00,0.00,Matches,2d28fd4d
137,Svenja Huth,FW,de Germany,31-185,1991,5,5,421,4.7,0,2,0,0,0,0,0,0.00,0.43,0.43,0.00,0.43,Matches,8b5f141c
138,Ashley Hutton,DF,nir Northern Ireland,34-269,1987,1,0,4,0.0,0,0,0,0,0,0,0,0.00,0.00,0.00,0.00,0.00,Matches,b1deb19f
139,Tuija Hyyrynen,DF,fi Finland,34-141,1988,1,1,65,0.7,0,0,0,0,0,0,0,0.00,0.00,0.00,0.00,0.00,Matches,c75d990d
140,Celin Ildhusoy,FW,no Norway,20-278,2001,2,0,44,0.5,0,0,0,0,0,1,0,0.00,0.00,0.00,0.00,0.00,Matches,827f4be5
141,Amanda Ilestedt,DF,se Sweden,29-193,1993,5,5,414,4.6,0,0,0,0,0,0,0,0.00,0.00,0.00,0.00,0.00,Matches,93514385
142,Amanda Jacobsen Andradottir,MF,is Iceland,18-223,2003,1,0,10,0.1,0,0,0,0,0,0,0,0.00,0.00,0.00,0.00,0.00,Matches,c80f9ac0
143,Sofia Jakobsson,FW,se Sweden,32-097,1990,1,1,50,0.6,0,0,0,0,0,0,0,0.00,0.00,0.00,0.00,0.00,Matches,27a4ff80
144,Sveindis Jane Jonsdottir,FWMF,is Iceland,21-054,2001,3,3,239,2.7,0,0,0,0,0,0,0,0.00,0.00,0.00,0.00,0.00,Matches,ce6e8fa2
145,Dominique Janssen,DF,nl Netherlands,27-193,1995,4,4,390,4.3,0,0,0,0,0,2,0,0.00,0.00,0.00,0.00,0.00,Matches,800b668b
146,Alexandra Johannsdottir,MF,is Iceland,22-132,2000,2,0,34,0.4,0,0,0,0,0,0,0,0.00,0.00,0.00,0.00,0.00,Matches,4c5c0dcf
147,Sofie Junge Pedersen,MF,dk Denmark,30-096,1992,3,3,270,3.0,0,0,0,0,0,0,0,0.00,0.00,0.00,0.00,0.00,Matches,c5ff4fb5
148,Anna Josendal,FW,no Norway,21-091,2001,1,0,2,0.0,0,0,0,0,0,0,0,0.00,0.00,0.00,0.00,0.00,Matches,73b360ac
149,Sakina Karchaoui,DF,fr France,26-184,1996,5,4,414,4.6,0,2,0,0,0,1,0,0.00,0.43,0.43,0.00,0.43,Matches,cf7cde06
150,Marie-Antoinette Katoto,FW,fr France,23-270,1998,2,2,92,1.0,1,1,1,0,0,0,0,0.98,0.98,1.96,0.98,1.96,Matches,bb410065
151,Sari Kees,DF,be Belgium,21-162,2001,4,4,360,4.0,0,1,0,0,0,0,0,0.00,0.25,0.25,0.00,0.25,Matches,eaae21eb
152,Chloe Kelly,FWMF,eng England,24-205,1998,5,0,147,1.6,0,0,0,0,0,0,0,0.00,0.00,0.00,0.00,0.00,Matches,9ff67bf9
153,Juliette Kemppi,FW,fi Finland,28-076,1994,1,1,90,1.0,0,0,0,0,0,0,0,0.00,0.00,0.00,0.00,0.00,Matches,fc807816
154,Fran Kirby,MF,eng England,29-030,1993,5,5,349,3.9,2,3,2,0,0,0,0,0.52,0.77,1.29,0.52,1.29,Matches,bd91e11f
155,Rahel Kiwic,DF,ch Switzerland,31-205,1991,2,1,123,1.4,1,0,1,0,0,0,0,0.73,0.00,0.73,0.73,0.73,Matches,1f2f344e
156,Sophia Kleinherne,DF,de Germany,22-108,2000,3,1,120,1.3,1,0,1,0,0,0,0,0.75,0.00,0.75,0.75,0.75,Matches,843822a5
157,Emma Koivisto,DF,fi Finland,27-307,1994,3,3,225,2.5,0,0,0,0,0,0,0,0.00,0.00,0.00,0.00,0.00,Matches,4658c710
158,Heidi Kollanen,MF,fi Finland,,,1,1,65,0.7,0,0,0,0,0,0,0,0.00,0.00,0.00,0.00,0.00,Matches,4b5ea342
159,Tinja-Riikka Korpela,GK,fi Finland,36-085,1986,2,2,180,2.0,0,0,0,0,0,0,0,0.00,0.00,0.00,0.00,0.00,Matches,9df8e322
160,Kathrine Kuhl,FW,dk Denmark,19-024,2003,2,1,92,1.0,0,0,0,0,0,2,1,0.00,0.00,0.00,0.00,0.00,Matches,5b5cd763
161,Natalia Kuikka,DF,fi Finland,26-240,1995,3,2,205,2.3,0,0,0,0,0,0,0,0.00,0.00,0.00,0.00,0.00,Matches,42325547
162,Stine Larsen,FW,dk Denmark,26-186,1996,3,0,52,0.6,0,0,0,0,0,2,0,0.00,0.00,0.00,0.00,0.00,Matches,6e9601ef
163,Lena Lattwein,MF,de Germany,22-088,2000,4,1,192,2.1,1,0,1,0,0,0,0,0.47,0.00,0.47,0.47,0.47,Matches,22cd470c
164,Karolina Lea Vilhjalmsdottir,FWMF,is Iceland,20-355,2001,3,3,266,3.0,1,1,1,0,0,1,0,0.34,0.34,0.68,0.34,0.68,Matches,5e614e6d
165,Mapi Leon,DF,es Spain,27-046,1995,4,4,390,4.3,0,2,0,0,0,1,0,0.00,0.46,0.46,0.00,0.46,Matches,d41a5309
166,Romee Leuchter,FW,nl Netherlands,21-198,2001,2,0,32,0.4,2,0,2,0,0,0,0,5.63,0.00,5.63,5.63,5.63,Matches,74d0ff92
167,Elena Linari,DF,it Italy,28-105,1994,3,3,270,3.0,0,0,0,0,0,0,0,0.00,0.00,0.00,0.00,0.00,Matches,8302c1bb
168,Hedvig Lindahl,GK,se Sweden,39-091,1983,5,5,450,5.0,0,0,0,0,0,0,0,0.00,0.00,0.00,0.00,0.00,Matches,2d309cfe
169,Sydney Lohmann,MF,de Germany,22-040,2000,3,0,31,0.3,0,1,0,0,0,0,0,0.00,2.90,2.90,0.00,2.90,Matches,f149a5a9
170,Rikke Laentver Sevecke,DF,dk Denmark,26-044,1996,3,3,270,3.0,0,0,0,0,0,1,0,0.00,0.00,0.00,0.00,0.00,Matches,2fff97d6
171,Frida Maanum,MF,no Norway,23-013,1999,3,2,182,2.0,1,0,1,0,0,0,0,0.49,0.00,0.49,0.49,0.49,Matches,fb583d6d
172,Abbie Magee,FW,nir Northern Ireland,21-256,2000,3,1,133,1.5,0,0,0,0,0,0,0,0.00,0.00,0.00,0.00,0.00,Matches,bbd15b50
173,Simone Magill,FW,nir Northern Ireland,27-270,1994,1,1,77,0.9,0,0,0,0,0,0,0,0.00,0.00,0.00,0.00,0.00,Matches,34691e2f
174,Lina Magull,MF,de Germany,27-348,1994,4,4,243,2.7,2,1,2,0,0,0,0,0.74,0.37,1.11,0.74,1.11,Matches,3cd04ba1
175,Lisa Makas,FW,at Austria,30-079,1992,3,0,30,0.3,0,0,0,0,0,0,0,0.00,0.00,0.00,0.00,0.00,Matches,aca7ee55
176,Melvine Malard,FWDF,fr France,22-031,2000,5,3,209,2.3,1,0,1,0,0,0,0,0.43,0.00,0.43,0.43,0.43,Matches,e99919aa
177,Sandy Mandly,MF,ch Switzerland,34-116,1988,3,3,197,2.2,0,0,0,0,0,0,0,0.00,0.00,0.00,0.00,0.00,Matches,ad8323c2
178,Joana Marchao,DF,pt Portugal,25-278,1996,3,2,210,2.3,0,0,0,0,0,0,0,0.00,0.00,0.00,0.00,0.00,Matches,eb8d27a5
179,Agla Maria Albertsdottir,MF,is Iceland,22-358,1999,3,1,119,1.3,0,0,0,0,0,0,0,0.00,0.00,0.00,0.00,0.00,Matches,d765de3c
180,Rikke Marie Madsen,FW,dk Denmark,24-354,1997,2,2,126,1.4,0,0,0,0,0,0,0,0.00,0.00,0.00,0.00,0.00,Matches,adc2166f
181,Noelle Maritz,DF,ch Switzerland,26-218,1995,3,3,270,3.0,0,0,0,0,0,0,0,0.00,0.00,0.00,0.00,0.00,Matches,41d5abd2
182,Vanessa Marques,MF,pt Portugal,26-108,1996,1,0,5,0.1,0,0,0,0,0,0,0,0.00,0.00,0.00,0.00,0.00,Matches,07b7bfdb
183,Lieke Martens,FW,nl Netherlands,29-225,1992,3,3,245,2.7,0,1,0,0,0,0,0,0.00,0.37,0.37,0.00,0.37,Matches,939b7d31
184,Lara Marti,MF,ch Switzerland,22-311,1999,1,0,17,0.2,0,0,0,0,0,0,0,0.00,0.00,0.00,0.00,0.00,Matches,e22dd915
185,Clara Mateo,MF,fr France,24-243,1997,4,2,218,2.4,0,2,0,0,0,0,0,0.00,0.83,0.83,0.00,0.83,Matches,acd235bb
186,Sandrine Mauron,FW,ch Switzerland,25-222,1996,3,0,32,0.4,0,0,0,0,0,0,0,0.00,0.00,0.00,0.00,0.00,Matches,47439214
187,Griedge Mbock Bathy,DF,fr France,27-153,1995,3,3,300,3.3,1,0,1,0,0,0,0,0.30,0.00,0.30,0.30,0.30,Matches,50b843b1
188,Chloe McCarron,MF,nir Northern Ireland,24-219,1997,2,2,180,2.0,0,0,0,0,0,0,0,0.00,0.00,0.00,0.00,0.00,Matches,3975cd51
189,Louise McDaniel,MF,nir Northern Ireland,22-066,2000,1,0,5,0.1,0,0,0,0,0,0,0,0.00,0.00,0.00,0.00,0.00,Matches,8a2bca18
190,Sarah McFadden,DF,nir Northern Ireland,35-067,1987,3,3,270,3.0,0,0,0,0,0,1,0,0.00,0.00,0.00,0.00,0.00,Matches,a48de5c1
191,Caitlin Mcguinness,FW,nir Northern Ireland,19-333,2002,2,0,17,0.2,0,0,0,0,0,0,0,0.00,0.00,0.00,0.00,0.00,Matches,13f9e333
192,Kirsty McGuinness,FW,nir Northern Ireland,27-267,1994,3,2,185,2.1,0,0,0,0,0,0,0,0.00,0.00,0.00,0.00,0.00,Matches,4821b8e6
193,Rebecca Mckenna,DF,nir Northern Ireland,21-107,2001,2,2,162,1.8,0,0,0,0,0,0,0,0.00,0.00,0.00,0.00,0.00,Matches,b2d7c567
194,Beth Mead,MFFW,eng England,27-081,1995,5,5,385,4.3,6,5,6,0,0,0,0,1.40,1.17,2.57,1.40,2.57,Matches,921c8f1d
195,Carolina Mendes,FWMF,pt Portugal,34-244,1987,1,0,5,0.1,0,0,0,0,0,0,0,0.00,0.00,0.00,0.00,0.00,Matches,04a5b07d
196,Elin Metta Jensen,FW,is Iceland,27-150,1995,1,0,3,0.0,0,0,0,0,0,0,0,0.00,0.00,0.00,0.00,0.00,Matches,0d50223e
197,Vivianne Miedema,FW,nl Netherlands,26-014,1996,2,2,210,2.3,0,0,0,0,0,1,0,0.00,0.00,0.00,0.00,0.00,Matches,fa4e4c0a
198,Marie Minnaert,MF,be Belgium,23-085,1999,3,1,167,1.9,0,0,0,0,0,0,0,0.00,0.00,0.00,0.00,0.00,Matches,38d7bde5
199,Kassandra Missipo,MF,be Belgium,24-176,1998,2,0,4,0.0,0,0,0,0,0,0,0,0.00,0.00,0.00,0.00,0.00,Matches,5a7cd32f
200,Maren Mjelde,DF,no Norway,32-265,1989,3,3,260,2.9,0,0,0,0,0,0,0,0.00,0.00,0.00,0.00,0.00,Matches,3bf287fc
201,Patricia Morais,GK,pt Portugal,30-042,1992,1,1,90,1.0,0,0,0,0,0,0,0,0.00,0.00,0.00,0.00,0.00,Matches,8e38cc2a
202,Aslaug Munda Gunnlaugsdottir,FW,is Iceland,21-057,2001,2,0,34,0.4,0,0,0,0,0,0,0,0.00,0.00,0.00,0.00,0.00,Matches,a926dcf7
203,Nadia Nadim,FW,dk Denmark,34-208,1988,3,1,109,1.2,0,0,0,0,0,0,0,0.00,0.00,0.00,0.00,0.00,Matches,4f24c672
204,Katharina Naschenweng,MF,at Austria,24-225,1997,3,1,95,1.1,1,0,1,0,0,0,0,0.95,0.00,0.95,0.95,0.95,Matches,ea029c1b
205,Francisca Nazareth,FW,pt Portugal,19-254,2002,3,1,96,1.1,0,0,0,0,0,0,0,0.00,0.00,0.00,0.00,0.00,Matches,1947d829
206,Julie Nelson,DF,nir Northern Ireland,37-055,1985,3,3,261,2.9,1,0,1,0,0,0,0,0.34,0.00,0.34,0.34,0.34,Matches,91194bda
207,Amanda Nilden,DF,se Sweden,23-356,1998,1,1,90,1.0,0,0,0,0,0,0,0,0.00,0.00,0.00,0.00,0.00,Matches,ede1eaea
208,Andreia Norton,MF,pt Portugal,25-348,1996,3,3,263,2.9,0,0,0,0,0,0,0,0.00,0.00,0.00,0.00,0.00,Matches,5ab4e958
209,Aniek Nouwen,DF,nl Netherlands,23-142,1999,3,2,118,1.3,0,0,0,0,0,0,0,0.00,0.00,0.00,0.00,0.00,Matches,5202e464
210,Lena Oberdorf,MF,de Germany,20-222,2001,4,4,353,3.9,0,1,0,0,0,3,0,0.00,0.25,0.25,0.00,0.25,Matches,74a0529b
211,Ria Oling,MF,fi Finland,27-317,1994,3,2,201,2.2,0,0,0,0,0,0,0,0.00,0.00,0.00,0.00,0.00,Matches,ea6b3c64
212,Marisa Olislagers,DF,nl Netherlands,21-323,2000,2,1,111,1.2,0,0,0,0,0,0,0,0.00,0.00,0.00,0.00,0.00,Matches,664ba94a
213,Leila Ouahabi,DF,es Spain,29-129,1993,3,3,195,2.2,0,0,0,0,0,1,0,0.00,0.00,0.00,0.00,0.00,Matches,9663804e
214,Ella Palis,MF,fr France,23-127,1999,3,0,61,0.7,0,0,0,0,0,0,0,0.00,0.00,0.00,0.00,0.00,Matches,d755ecf3
215,Sandra Panos,GK,es Spain,29-267,1992,4,4,390,4.3,0,0,0,0,0,0,0,0.00,0.00,0.00,0.00,0.00,Matches,c6ae9544
216,Irene Paredes,DF,es Spain,31-025,1991,4,4,390,4.3,1,0,1,0,0,1,0,0.23,0.00,0.23,0.23,0.23,Matches,6a86dd87
217,Nikita Parris,FWMF,eng England,28-141,1994,1,0,4,0.0,0,0,0,0,0,0,0,0.00,0.00,0.00,0.00,0.00,Matches,fa5faf19
218,Victoria Pelova,FW,nl Netherlands,23-056,1999,4,1,182,2.0,1,1,1,0,0,0,0,0.49,0.49,0.99,0.49,0.99,Matches,dd37aa7f
219,Ines Pereira,GK,pt Portugal,23-064,1999,2,2,180,2.0,0,0,0,0,0,1,0,0.00,0.00,0.00,0.00,0.00,Matches,29d7939c
220,Eve Perisset,DF,fr France,27-217,1994,4,4,375,4.2,1,0,0,1,1,0,0,0.24,0.00,0.24,0.00,0.00,Matches,70bcb789
221,Glodis Perla Viggosdottir,DF,is Iceland,27-032,1995,3,3,270,3.0,0,0,0,0,0,0,0,0.00,0.00,0.00,0.00,0.00,Matches,ab0e7355
222,Guro Pettersen,GK,no Norway,30-341,1991,3,3,270,3.0,0,0,0,0,0,0,0,0.00,0.00,0.00,0.00,0.00,Matches,37d7bda4
223,Pauline Peyraud Magnin,GK,fr France,30-134,1992,5,5,480,5.3,0,0,0,0,0,0,0,0.00,0.00,0.00,0.00,0.00,Matches,c6876fd6
224,Davina Philtjens,DF,be Belgium,33-153,1989,4,4,328,3.6,0,0,0,0,0,2,0,0.00,0.00,0.00,0.00,0.00,Matches,b2869a05
225,Martina Piemonte,FW,it Italy,24-264,1997,2,1,68,0.8,1,0,1,0,0,0,0,1.32,0.00,1.32,1.32,1.32,Matches,424d17b8
226,Elli Pikkujamsa,DF,fi Finland,22-278,1999,3,3,270,3.0,0,0,0,0,0,0,0,0.00,0.00,0.00,0.00,0.00,Matches,350886ec
227,Claudia Pina,FW,es Spain,20-351,2001,2,0,34,0.4,0,0,0,0,0,0,0,0.00,0.00,0.00,0.00,0.00,Matches,1e3ba0ba
228,Fatima Pinto,MF,pt Portugal,26-194,1996,3,0,68,0.8,0,0,0,0,0,0,0,0.00,0.00,0.00,0.00,0.00,Matches,5772c6a8
229,Tatiana Pinto,MF,pt Portugal,28-123,1994,3,3,257,2.9,0,1,0,0,0,0,0,0.00,0.35,0.35,0.00,0.35,Matches,d55abfda
230,Alexandra Popp,FW,de Germany,31-114,1991,5,4,361,4.0,6,0,6,0,0,0,0,1.50,0.00,1.50,1.50,1.50,Matches,655e7bd0
231,Sarah Puntigam,MF,at Austria,29-289,1992,4,4,350,3.9,0,2,0,0,0,0,0,0.00,0.51,0.51,0.00,0.51,Matches,088dd3ef
232,Laura Rafferty,MF,nir Northern Ireland,26-091,1996,1,1,66,0.7,0,0,0,0,0,0,0,0.00,0.00,0.00,0.00,0.00,Matches,0ebf8bcd
233,Amanda Rantanen,MF,fi Finland,24-079,1998,2,0,14,0.2,0,0,0,0,0,0,0,0.00,0.00,0.00,0.00,0.00,Matches,7ea12883
234,Felicitas Rauch,DF,de Germany,26-090,1996,4,4,330,3.7,0,1,0,0,0,2,0,0.00,0.27,0.27,0.00,0.27,Matches,01079eae
235,Silvia Rebelo,DF,pt Portugal,33-070,1989,1,0,6,0.1,0,0,0,0,0,0,0,0.00,0.00,0.00,0.00,0.00,Matches,aac0c79b
236,Guro Reiten,MF,no Norway,28-003,1994,3,3,263,2.9,1,1,1,0,0,0,0,0.34,0.34,0.68,0.34,0.68,Matches,3d728957
237,Wendie Renard,DF,fr France,32-009,1990,5,5,480,5.3,0,0,0,0,1,0,0,0.00,0.00,0.00,0.00,0.00,Matches,6a1b832a
238,Geraldine Reuteler,MF,ch Switzerland,23-099,1999,3,3,237,2.6,1,0,1,0,0,1,0,0.38,0.00,0.38,0.38,0.38,Matches,f64daf84
239,Nadine Riesen,MF,ch Switzerland,22-109,2000,1,0,32,0.4,0,0,0,0,0,0,0,0.00,0.00,0.00,0.00,0.00,Matches,6660f40b
240,Rachel Rinast,DF,ch Switzerland,31-057,1991,1,0,32,0.4,0,0,0,0,0,0,0,0.00,0.00,0.00,0.00,0.00,Matches,c2499464
241,Fridolina Rolfo,FW,se Sweden,28-247,1993,5,5,430,4.8,1,1,1,0,0,0,0,0.21,0.21,0.42,0.21,0.42,Matches,6862731d
242,Jill Roord,MFFW,nl Netherlands,25-098,1997,4,3,305,3.4,1,0,1,0,0,1,0,0.30,0.00,0.30,0.30,0.30,Matches,443146ab
243,Svava Ros Guomundsdottir,FW,is Iceland,26-260,1995,3,0,64,0.7,0,0,0,0,0,0,0,0.00,0.00,0.00,0.00,0.00,Matches,b9b91bb5
244,Martina Rosucci,MF,it Italy,30-081,1992,3,2,192,2.1,0,0,0,0,0,0,0,0.00,0.00,0.00,0.00,0.00,Matches,589dcf44
245,Elin Rubensson,DFFW,se Sweden,29-079,1993,1,0,13,0.1,0,0,0,0,0,0,0,0.00,0.00,0.00,0.00,0.00,Matches,1964e75d
246,Alessia Russo,FWMF,eng England,23-171,1999,5,0,203,2.3,4,1,4,0,0,0,0,1.77,0.44,2.22,1.77,2.22,Matches,043d38be
247,Johanna Rytting Kaneryd,FW,se Sweden,25-167,1997,5,2,228,2.5,0,0,0,0,0,1,0,0.00,0.00,0.00,0.00,0.00,Matches,a9d473d9
248,Daniela Sabatino,FW,it Italy,37-033,1985,2,0,17,0.2,0,0,0,0,0,0,0,0.00,0.00,0.00,0.00,0.00,Matches,5c70d41c
249,Essi Sainio,MF,fi Finland,35-323,1986,3,1,160,1.8,0,0,0,0,0,0,0,0.00,0.00,0.00,0.00,0.00,Matches,8404bea5
250,Linda Sallstrom,FW,fi Finland,34-016,1988,3,3,245,2.7,1,0,1,0,0,0,0,0.37,0.00,0.37,0.37,0.37,Matches,da337550
251,Ouleymata Sarr,FW,fr France,26-294,1995,5,0,126,1.4,0,0,0,0,0,0,0,0.00,0.00,0.00,0.00,0.00,Matches,57ed42de
252,Amaiur Sarriegi,FW,es Spain,21-228,2000,1,0,21,0.2,0,0,0,0,0,0,0,0.00,0.00,0.00,0.00,0.00,Matches,924c6a21
253,Katharina Schiechtl,DF,at Austria,29-152,1993,1,1,90,1.0,1,0,1,0,0,0,0,1.00,0.00,1.00,1.00,1.00,Matches,39f22899
254,Viktoria Schnaderbeck,DF,at Austria,31-206,1991,3,3,211,2.3,0,0,0,0,0,0,0,0.00,0.00,0.00,0.00,0.00,Matches,51d0ba7e
255,Olivia Schough,FWMF,se Sweden,31-140,1991,1,0,35,0.4,0,1,0,0,0,0,0,0.00,2.57,2.57,0.00,2.57,Matches,c247c8ba
256,Lea Schuller,FW,de Germany,24-259,1997,1,1,60,0.7,1,0,1,0,0,0,0,1.50,0.00,1.50,1.50,1.50,Matches,4528b262
257,Jill Scott,MF,eng England,35-177,1987,3,0,21,0.2,0,0,0,0,0,0,0,0.00,0.00,0.00,0.00,0.00,Matches,bb3bd078
258,Caroline Seger,MF,se Sweden,37-132,1985,3,2,220,2.4,0,0,0,0,0,0,0,0.00,0.00,0.00,0.00,0.00,Matches,c15ecf4d
259,Linda Sembrant,DF,se Sweden,35-075,1987,3,2,201,2.2,1,0,1,0,0,0,0,0.45,0.00,0.45,0.45,0.45,Matches,9425cd71
260,Ingibjorg Siguroardottir,DF,is Iceland,24-295,1997,1,1,90,1.0,0,0,0,0,0,0,0,0.00,0.00,0.00,0.00,0.00,Matches,14682560
261,Sandra Siguroardottir,GK,is Iceland,35-300,1986,3,3,270,3.0,0,0,0,0,0,0,0,0.00,0.00,0.00,0.00,0.00,Matches,3cdaa20e
262,Diana Silva,FW,pt Portugal,27-055,1995,3,3,265,2.9,1,0,1,0,0,0,0,0.34,0.00,0.34,0.34,0.34,Matches,2e508c2f
263,Dolores Silva,MF,pt Portugal,30-356,1991,3,3,210,2.3,0,0,0,0,0,0,0,0.00,0.00,0.00,0.00,0.00,Matches,0c81d4b3
264,Jessica Silva,FW,pt Portugal,27-230,1994,3,3,262,2.9,1,0,1,0,0,0,0,0.34,0.00,0.34,0.34,0.34,Matches,cd6a0894
265,Flaminia Simonetti,MF,it Italy,25-162,1997,3,2,202,2.2,0,0,0,0,0,1,0,0.00,0.00,0.00,0.00,0.00,Matches,d460ba1f
266,Selma Sol Magnusdottir,MF,is Iceland,24-097,1998,1,0,3,0.0,0,0,0,0,0,0,0,0.00,0.00,0.00,0.00,0.00,Matches,13a3865f
267,Coumba Sow,MF,ch Switzerland,27-336,1994,3,3,251,2.8,1,0,1,0,0,0,0,0.36,0.00,0.36,0.36,0.36,Matches,e2bfe377
268,Sherida Spitse,MF,nl Netherlands,32-061,1990,4,4,375,4.2,0,1,0,0,0,0,0,0.00,0.24,0.24,0.00,0.24,Matches,e36033be
269,Georgia Stanway,MF,eng England,23-207,1999,5,5,419,4.7,2,0,1,1,1,1,0,0.43,0.00,0.43,0.21,0.21,Matches,89c43b54
270,Julia Stierli,DF,ch Switzerland,25-117,1997,1,0,33,0.4,0,0,0,0,0,0,0,0.00,0.00,0.00,0.00,0.00,Matches,3acf52f4
271,Eveliina Summanen,MF,fi Finland,24-061,1998,3,3,239,2.7,0,0,0,0,0,1,0,0.00,0.00,0.00,0.00,0.00,Matches,562e21cc
272,Sofie Svava,MF,dk Denmark,21-352,2000,2,1,104,1.2,0,0,0,0,0,0,0,0.00,0.00,0.00,0.00,0.00,Matches,c4a096ef
273,Ingrid Syrstad Engen,MF,no Norway,24-091,1998,3,3,270,3.0,0,0,0,0,0,0,0,0.00,0.00,0.00,0.00,0.00,Matches,0bfd82d0
274,Karina Saevik,MF,no Norway,26-127,1996,2,1,71,0.8,0,0,0,0,0,0,0,0.00,0.00,0.00,0.00,0.00,Matches,45e2a2e1
275,Anja Sonstevold,DF,no Norway,30-038,1992,1,1,64,0.7,0,0,0,0,0,0,0,0.00,0.00,0.00,0.00,0.00,Matches,b2d1005a
276,Katriina Talaslahti,GK,fi Finland,21-311,2000,1,1,90,1.0,0,0,0,0,0,0,0,0.00,0.00,0.00,0.00,0.00,Matches,6bb6770e
277,Elisabeth Terland,MF,no Norway,21-031,2001,1,0,7,0.1,0,0,0,0,0,0,0,0.00,0.00,0.00,0.00,0.00,Matches,77f78f83
278,Gaelle Thalmann,GK,ch Switzerland,36-192,1986,3,3,270,3.0,0,0,0,0,0,0,0,0.00,0.00,0.00,0.00,0.00,Matches,e1b3ae76
279,Janni Thomsen,MF,dk Denmark,22-163,2000,3,3,245,2.7,0,0,0,0,0,0,0,0.00,0.00,0.00,0.00,0.00,Matches,0c6c239b
280,Maria Thorisdottir,DF,no Norway,29-054,1993,2,2,180,2.0,0,0,0,0,0,0,0,0.00,0.00,0.00,0.00,0.00,Matches,8ee86892
281,Sara Thrige,MF,dk Denmark,26-075,1996,1,1,55,0.6,0,0,0,0,0,0,0,0.00,0.00,0.00,0.00,0.00,Matches,2d85bc2c
282,Sandie Toletti,MF,fr France,27-016,1995,5,4,362,4.0,0,1,0,0,0,1,0,0.00,0.25,0.25,0.00,0.25,Matches,7ea4e1eb
283,Ella Toone,FWMF,eng England,22-330,1999,5,0,176,2.0,1,1,1,0,0,0,0,0.51,0.51,1.02,0.51,1.02,Matches,ea1a4530
284,Marion Torrent,DF,fr France,30-103,1992,2,1,105,1.2,0,0,0,0,0,0,0,0.00,0.00,0.00,0.00,0.00,Matches,1859fd04
285,Aissatou Tounkara,FWDF,fr France,27-135,1995,2,2,180,2.0,0,0,0,0,0,0,0,0.00,0.00,0.00,0.00,0.00,Matches,d41e4956
286,Sanne Troelsgaard Nielsen,MF,dk Denmark,33-348,1988,3,2,150,1.7,0,0,0,0,0,0,0,0.00,0.00,0.00,0.00,0.00,Matches,b0bbf34d
287,Amber Tysiak,DF,be Belgium,22-184,2000,1,0,19,0.2,0,0,0,0,0,2,1,0.00,0.00,0.00,0.00,0.00,Matches,f45631e7
288,Daphne Van Domselaar,GK,nl Netherlands,22-145,2000,4,3,369,4.1,0,0,0,0,0,0,0,0.00,0.00,0.00,0.00,0.00,Matches,20dcbb3f
289,Ella Van Kerkhoven,MF,be Belgium,28-251,1993,1,0,1,0.0,0,0,0,0,0,0,0,0.00,0.00,0.00,0.00,0.00,Matches,fbd071c8
290,Demi Vance,DF,nir Northern Ireland,31-088,1991,3,3,270,3.0,0,0,0,0,0,0,0,0.00,0.00,0.00,0.00,0.00,Matches,e4bc8cb5
291,Jody Vangheluwe,DF,be Belgium,25-014,1997,3,3,200,2.2,0,0,0,0,0,0,0,0.00,0.00,0.00,0.00,0.00,Matches,614c0f22
292,Justine Vanhaevermaet,MF,be Belgium,30-091,1992,4,4,328,3.6,1,0,0,1,1,1,0,0.27,0.00,0.27,0.00,0.00,Matches,301d1778
293,Sari van Veenendaal,GK,nl Netherlands,32-117,1990,1,1,21,0.2,0,0,0,0,0,0,0,0.00,0.00,0.00,0.00,0.00,Matches,b2803b53
294,Katrine Veje,DFMF,dk Denmark,31-040,1991,3,3,259,2.9,0,0,0,0,0,0,0,0.00,0.00,0.00,0.00,0.00,Matches,613c3da2
295,Elisa Vioarsdottir,DF,is Iceland,31-064,1991,1,1,90,1.0,0,0,0,0,0,0,0,0.00,0.00,0.00,0.00,0.00,Matches,7bd6918a
296,Lauren Wade,FW,nir Northern Ireland,28-249,1993,3,3,258,2.9,0,0,0,0,0,0,0,0.00,0.00,0.00,0.00,0.00,Matches,dcc0af7b
297,Keira Walsh,MF,eng England,25-112,1997,5,5,475,5.3,0,1,0,0,0,0,0,0.00,0.19,0.19,0.00,0.19,Matches,ca934b6b
298,Lia Walti,MF,ch Switzerland,29-101,1993,3,3,261,2.9,0,0,0,0,0,0,0,0.00,0.00,0.00,0.00,0.00,Matches,5410bdaa
299,Tabea Wabmuth,MF,de Germany,25-338,1996,3,0,57,0.6,0,0,0,0,0,0,0,0.00,0.00,0.00,0.00,0.00,Matches,277cdd4e
300,Carina Wenninger,DF,at Austria,31-173,1991,4,4,360,4.0,0,0,0,0,0,1,0,0.00,0.00,0.00,0.00,0.00,Matches,7b5f621b
301,Anna Westerlund,DF,fi Finland,33-111,1989,2,2,179,2.0,0,1,0,0,0,0,0,0.00,0.50,0.50,0.00,0.50,Matches,7c4deaca
302,Ellen White,FW,eng England,33-081,1989,5,5,277,3.1,2,0,2,0,0,0,0,0.65,0.00,0.65,0.65,0.65,Matches,87740aba
303,Laura Wienroither,DF,at Austria,23-197,1999,3,3,270,3.0,0,0,0,0,0,0,0,0.00,0.00,0.00,0.00,0.00,Matches,f8146853
304,Leah Williamson,DF,eng England,25-122,1997,5,5,480,5.3,0,0,0,0,0,0,0,0.00,0.00,0.00,0.00,0.00,Matches,9a40ae1f
305,Lynn Wilms,DF,nl Netherlands,21-299,2000,4,4,384,4.3,0,1,0,0,0,0,0,0.00,0.23,0.23,0.00,0.23,Matches,3c0b2466
306,Emily Wilson,FW,nir Northern Ireland,20-337,2001,3,0,28,0.3,0,0,0,0,0,0,0,0.00,0.00,0.00,0.00,0.00,Matches,21c59fbb
307,Tessa Wullaert,FW,be Belgium,29-132,1993,4,4,359,4.0,0,1,0,0,0,0,0,0.00,0.25,0.25,0.00,0.25,Matches,54a6f718
308,Riola Xhemaili,MF,ch Switzerland,19-146,2003,1,0,19,0.2,0,0,0,0,0,0,0,0.00,0.00,0.00,0.00,0.00,Matches,fcef69b4
309,Gunnhildur Yrsa Jonsdottir,MF,is Iceland,33-304,1988,3,2,178,2.0,0,0,0,0,0,0,0,0.00,0.00,0.00,0.00,0.00,Matches,7115d595
310,Sarah Zadrazil,MF,at Austria,29-160,1993,4,4,360,4.0,0,0,0,0,0,0,0,0.00,0.00,0.00,0.00,0.00,Matches,45ffafbf
311,Manuela Zinsberger,GK,at Austria,26-283,1995,4,4,360,4.0,0,0,0,0,0,0,0,0.00,0.00,0.00,0.00,0.00,Matches,c7dc2a33